Date,Time,Type,Duration,Dosage,Comments
06/20/2025,09:15 AM,SVT Episode,5 minutes,,"Occurred during morning walk, felt rapid heartbeat and dizziness"
06/20/2025,07:30 AM,SVT Medication,N/A,1/2 tablet,Morning dose as prescribed
06/21/2025,10:45 AM,Exercise,30 minutes,,Light jogging at local park
06/21/2025,11:30 AM,SVT Episode,2 minutes,,Brief episode after exercise - less severe than yesterday
06/21/2025,07:30 AM,SVT Medication,N/A,1/2 tablet,Morning dose as prescribed
06/22/2025,07:30 AM,SVT Medication,N/A,1/2 tablet,Morning dose as prescribed
06/22/2025,02:15 PM,Exercise,45 minutes,,Weight training at gym - felt good
06/23/2025,07:30 AM,SVT Medication,N/A,1/2 tablet,Morning dose as prescribed
06/23/2025,08:45 AM,Exercise,25 minutes,,Morning yoga session
